node_id,current_load,priority_tier,source_type,status,lat,lng,timestamp
hospital_001,125.47,1,Grid,active,28.6139,77.209,1773292005.7185707
hospital_002,140.03,1,Grid,active,13.0827,80.2707,1773292005.7185707
hospital_003,169.91,1,Grid,active,19.076,72.8777,1773292005.7185707
factory_001,308.93,2,Solar,active,12.8406,77.6602,1773292005.7185707
factory_002,233.38,2,Solar,active,22.6708,88.0977,1773292005.7185707
factory_003,568.43,2,Solar,active,28.4595,77.0266,1773292005.7185707
residential_001,117.2,3,Grid,active,12.9698,77.75,1773292005.7185707
residential_002,112.12,3,Solar,active,12.9698,77.75,1773292005.7185707
residential_003,67.25,3,Grid,active,12.9698,77.75,1773292005.7185707
hospital_001,168.88,1,Grid,active,28.6139,77.209,1773292065.7185707
hospital_002,175.34,1,Grid,active,13.0827,80.2707,1773292065.7185707
hospital_003,183.44,1,Grid,active,19.076,72.8777,1773292065.7185707
factory_001,322.46,2,Solar,active,12.8406,77.6602,1773292065.7185707
factory_002,393.22,2,Grid,active,22.6708,88.0977,1773292065.7185707
factory_003,361.84,2,Grid,active,28.4595,77.0266,1773292065.7185707
residential_001,73.02,3,Grid,active,12.9698,77.75,1773292065.7185707
residential_002,96.28,3,Solar,active,12.9698,77.75,1773292065.7185707
residential_003,138.5,3,Solar,active,12.9698,77.75,1773292065.7185707
hospital_001,187.0,1,Grid,active,28.6139,77.209,1773292125.7185707
hospital_002,172.81,1,Grid,active,13.0827,80.2707,1773292125.7185707
hospital_003,221.55,1,Grid,active,19.076,72.8777,1773292125.7185707
factory_001,509.98,2,Solar,active,12.8406,77.6602,1773292125.7185707
factory_002,517.86,2,Solar,active,22.6708,88.0977,1773292125.7185707
factory_003,417.06,2,Grid,active,28.4595,77.0266,1773292125.7185707
residential_001,117.11,3,Grid,active,12.9698,77.75,1773292125.7185707
residential_002,82.47,3,Solar,active,12.9698,77.75,1773292125.7185707
residential_003,128.9,3,Grid,active,12.9698,77.75,1773292125.7185707
hospital_001,148.1,1,Grid,active,28.6139,77.209,1773292185.7185707
hospital_002,210.1,1,Grid,active,13.0827,80.2707,1773292185.7185707
hospital_003,171.66,1,Grid,active,19.076,72.8777,1773292185.7185707
factory_001,476.11,2,Solar,active,12.8406,77.6602,1773292185.7185707
factory_002,485.76,2,Solar,active,22.6708,88.0977,1773292185.7185707
factory_003,675.5,2,Grid,active,28.4595,77.0266,1773292185.7185707
residential_001,103.51,3,Solar,active,12.9698,77.75,1773292185.7185707
residential_002,78.72,3,Solar,active,12.9698,77.75,1773292185.7185707
residential_003,90.65,3,Solar,active,12.9698,77.75,1773292185.7185707
hospital_001,111.99,1,Grid,active,28.6139,77.209,1773292245.7185707
hospital_002,136.2,1,Grid,active,13.0827,80.2707,1773292245.7185707
hospital_003,203.15,1,Grid,active,19.076,72.8777,1773292245.7185707
factory_001,477.34,2,Solar,active,12.8406,77.6602,1773292245.7185707
factory_002,366.0,2,Solar,active,22.6708,88.0977,1773292245.7185707
factory_003,465.02,2,Solar,active,28.4595,77.0266,1773292245.7185707
residential_001,150.19,3,Solar,active,12.9698,77.75,1773292245.7185707
residential_002,49.4,3,Solar,active,12.9698,77.75,1773292245.7185707
residential_003,58.83,3,Grid,active,12.9698,77.75,1773292245.7185707
hospital_001,146.74,1,Grid,active,28.6139,77.209,1773292305.7185707
hospital_002,114.2,1,Grid,active,13.0827,80.2707,1773292305.7185707
hospital_003,191.73,1,Grid,active,19.076,72.8777,1773292305.7185707
factory_001,339.75,2,Solar,degraded,12.8406,77.6602,1773292305.7185707
factory_002,358.82,2,Grid,active,22.6708,88.0977,1773292305.7185707
factory_003,477.84,2,Solar,active,28.4595,77.0266,1773292305.7185707
residential_001,124.42,3,Solar,active,12.9698,77.75,1773292305.7185707
residential_002,68.1,3,Solar,active,12.9698,77.75,1773292305.7185707
residential_003,87.37,3,Solar,active,12.9698,77.75,1773292305.7185707
hospital_001,162.59,1,Grid,active,28.6139,77.209,1773292365.7185707
hospital_002,189.69,1,Grid,active,13.0827,80.2707,1773292365.7185707
hospital_003,145.87,1,Grid,active,19.076,72.8777,1773292365.7185707
factory_001,304.47,2,Solar,active,12.8406,77.6602,1773292365.7185707
factory_002,355.9,2,Grid,active,22.6708,88.0977,1773292365.7185707
factory_003,454.16,2,Solar,active,28.4595,77.0266,1773292365.7185707
residential_001,111.92,3,Solar,active,12.9698,77.75,1773292365.7185707
residential_002,52.1,3,Solar,active,12.9698,77.75,1773292365.7185707
residential_003,77.0,3,Grid,active,12.9698,77.75,1773292365.7185707
hospital_001,161.88,1,Grid,active,28.6139,77.209,1773292425.7185707
hospital_002,138.52,1,Grid,active,13.0827,80.2707,1773292425.7185707
hospital_003,252.12,1,Grid,active,19.076,72.8777,1773292425.7185707
factory_001,263.37,2,Grid,active,12.8406,77.6602,1773292425.7185707
factory_002,318.55,2,Solar,active,22.6708,88.0977,1773292425.7185707
factory_003,310.94,2,Solar,active,28.4595,77.0266,1773292425.7185707
residential_001,80.07,3,Grid,active,12.9698,77.75,1773292425.7185707
residential_002,47.45,3,Grid,active,12.9698,77.75,1773292425.7185707
residential_003,47.41,3,Solar,degraded,12.9698,77.75,1773292425.7185707
hospital_001,141.53,1,Grid,degraded,28.6139,77.209,1773292485.7185707
hospital_002,205.07,1,Grid,active,13.0827,80.2707,1773292485.7185707
hospital_003,178.1,1,Grid,active,19.076,72.8777,1773292485.7185707
factory_001,406.7,2,Grid,active,12.8406,77.6602,1773292485.7185707
factory_002,342.38,2,Grid,active,22.6708,88.0977,1773292485.7185707
factory_003,297.61,2,Grid,active,28.4595,77.0266,1773292485.7185707
residential_001,126.92,3,Solar,active,12.9698,77.75,1773292485.7185707
residential_002,85.76,3,Solar,active,12.9698,77.75,1773292485.7185707
residential_003,66.16,3,Solar,active,12.9698,77.75,1773292485.7185707
hospital_001,190.26,1,Grid,active,28.6139,77.209,1773292545.7185707
hospital_002,162.14,1,Grid,active,13.0827,80.2707,1773292545.7185707
hospital_003,228.11,1,Grid,active,19.076,72.8777,1773292545.7185707
factory_001,523.1,2,Solar,active,12.8406,77.6602,1773292545.7185707
factory_002,397.64,2,Solar,active,22.6708,88.0977,1773292545.7185707
factory_003,526.39,2,Grid,active,28.4595,77.0266,1773292545.7185707
residential_001,142.67,3,Solar,active,12.9698,77.75,1773292545.7185707
residential_002,77.14,3,Grid,active,12.9698,77.75,1773292545.7185707
residential_003,128.03,3,Solar,active,12.9698,77.75,1773292545.7185707
hospital_001,199.58,1,Grid,active,28.6139,77.209,1773292605.7185707
hospital_002,133.86,1,Grid,active,13.0827,80.2707,1773292605.7185707
hospital_003,236.25,1,Grid,active,19.076,72.8777,1773292605.7185707
factory_001,310.53,2,Solar,active,12.8406,77.6602,1773292605.7185707
factory_002,375.21,2,Grid,active,22.6708,88.0977,1773292605.7185707
factory_003,477.25,2,Solar,active,28.4595,77.0266,1773292605.7185707
residential_001,128.32,3,Grid,active,12.9698,77.75,1773292605.7185707
residential_002,103.39,3,Solar,active,12.9698,77.75,1773292605.7185707
residential_003,109.96,3,Grid,active,12.9698,77.75,1773292605.7185707
hospital_001,122.72,1,Grid,active,28.6139,77.209,1773292665.7185707
hospital_002,113.17,1,Grid,active,13.0827,80.2707,1773292665.7185707
hospital_003,254.53,1,Grid,active,19.076,72.8777,1773292665.7185707
factory_001,504.52,2,Solar,active,12.8406,77.6602,1773292665.7185707
factory_002,475.84,2,Grid,active,22.6708,88.0977,1773292665.7185707
factory_003,531.99,2,Solar,active,28.4595,77.0266,1773292665.7185707
residential_001,158.34,3,Solar,active,12.9698,77.75,1773292665.7185707
residential_002,78.44,3,Solar,active,12.9698,77.75,1773292665.7185707
residential_003,94.24,3,Grid,active,12.9698,77.75,1773292665.7185707
hospital_001,179.25,1,Grid,active,28.6139,77.209,1773292725.7185707
hospital_002,189.71,1,Grid,active,13.0827,80.2707,1773292725.7185707
hospital_003,271.17,1,Grid,active,19.076,72.8777,1773292725.7185707
factory_001,325.13,2,Grid,active,12.8406,77.6602,1773292725.7185707
factory_002,441.53,2,Solar,active,22.6708,88.0977,1773292725.7185707
factory_003,299.45,2,Solar,active,28.4595,77.0266,1773292725.7185707
residential_001,61.67,3,Grid,degraded,12.9698,77.75,1773292725.7185707
residential_002,95.13,3,Solar,active,12.9698,77.75,1773292725.7185707
residential_003,110.11,3,Grid,active,12.9698,77.75,1773292725.7185707
hospital_001,131.07,1,Grid,active,28.6139,77.209,1773292785.7185707
hospital_002,182.63,1,Grid,active,13.0827,80.2707,1773292785.7185707
hospital_003,281.55,1,Grid,active,19.076,72.8777,1773292785.7185707
factory_001,338.6,2,Grid,active,12.8406,77.6602,1773292785.7185707
factory_002,564.73,2,Solar,active,22.6708,88.0977,1773292785.7185707
factory_003,548.75,2,Solar,active,28.4595,77.0266,1773292785.7185707
residential_001,80.81,3,Solar,active,12.9698,77.75,1773292785.7185707
residential_002,63.58,3,Solar,active,12.9698,77.75,1773292785.7185707
residential_003,95.57,3,Solar,active,12.9698,77.75,1773292785.7185707
hospital_001,112.25,1,Grid,active,28.6139,77.209,1773292845.7185707
hospital_002,117.16,1,Grid,active,13.0827,80.2707,1773292845.7185707
hospital_003,139.93,1,Grid,active,19.076,72.8777,1773292845.7185707
factory_001,340.72,2,Solar,active,12.8406,77.6602,1773292845.7185707
factory_002,322.35,2,Grid,active,22.6708,88.0977,1773292845.7185707
factory_003,619.3,2,Solar,active,28.4595,77.0266,1773292845.7185707
residential_001,160.28,3,Grid,active,12.9698,77.75,1773292845.7185707
residential_002,107.68,3,Solar,active,12.9698,77.75,1773292845.7185707
residential_003,75.33,3,Solar,active,12.9698,77.75,1773292845.7185707
hospital_001,179.4,1,Grid,active,28.6139,77.209,1773292905.7185707
hospital_002,122.84,1,Grid,active,13.0827,80.2707,1773292905.7185707
hospital_003,164.12,1,Grid,active,19.076,72.8777,1773292905.7185707
factory_001,342.5,2,Solar,active,12.8406,77.6602,1773292905.7185707
factory_002,285.89,2,Solar,active,22.6708,88.0977,1773292905.7185707
factory_003,621.51,2,Solar,active,28.4595,77.0266,1773292905.7185707
residential_001,128.51,3,Solar,active,12.9698,77.75,1773292905.7185707
residential_002,64.86,3,Grid,active,12.9698,77.75,1773292905.7185707
residential_003,112.67,3,Solar,active,12.9698,77.75,1773292905.7185707
hospital_001,140.05,1,Grid,active,28.6139,77.209,1773292965.7185707
hospital_002,138.17,1,Grid,active,13.0827,80.2707,1773292965.7185707
hospital_003,238.47,1,Grid,active,19.076,72.8777,1773292965.7185707
factory_001,315.83,2,Solar,active,12.8406,77.6602,1773292965.7185707
factory_002,373.9,2,Solar,degraded,22.6708,88.0977,1773292965.7185707
factory_003,452.89,2,Solar,active,28.4595,77.0266,1773292965.7185707
residential_001,160.12,3,Solar,active,12.9698,77.75,1773292965.7185707
residential_002,61.22,3,Grid,active,12.9698,77.75,1773292965.7185707
residential_003,113.87,3,Grid,active,12.9698,77.75,1773292965.7185707
hospital_001,156.84,1,Grid,active,28.6139,77.209,1773293025.7185707
hospital_002,196.89,1,Grid,active,13.0827,80.2707,1773293025.7185707
hospital_003,281.96,1,Grid,active,19.076,72.8777,1773293025.7185707
factory_001,419.81,2,Solar,active,12.8406,77.6602,1773293025.7185707
factory_002,432.61,2,Grid,active,22.6708,88.0977,1773293025.7185707
factory_003,290.35,2,Solar,active,28.4595,77.0266,1773293025.7185707
residential_001,90.84,3,Solar,active,12.9698,77.75,1773293025.7185707
residential_002,69.37,3,Grid,active,12.9698,77.75,1773293025.7185707
residential_003,116.03,3,Solar,active,12.9698,77.75,1773293025.7185707
hospital_001,143.7,1,Grid,active,28.6139,77.209,1773293085.7185707
hospital_002,182.64,1,Grid,active,13.0827,80.2707,1773293085.7185707
hospital_003,260.61,1,Grid,active,19.076,72.8777,1773293085.7185707
factory_001,411.62,2,Grid,active,12.8406,77.6602,1773293085.7185707
factory_002,401.83,2,Solar,active,22.6708,88.0977,1773293085.7185707
factory_003,305.42,2,Grid,active,28.4595,77.0266,1773293085.7185707
residential_001,58.47,3,Solar,degraded,12.9698,77.75,1773293085.7185707
residential_002,99.63,3,Solar,active,12.9698,77.75,1773293085.7185707
residential_003,117.04,3,Grid,active,12.9698,77.75,1773293085.7185707
hospital_001,105.63,1,Grid,active,28.6139,77.209,1773293145.7185707
hospital_002,133.69,1,Grid,active,13.0827,80.2707,1773293145.7185707
hospital_003,229.89,1,Grid,active,19.076,72.8777,1773293145.7185707
factory_001,440.38,2,Solar,active,12.8406,77.6602,1773293145.7185707
factory_002,352.59,2,Solar,active,22.6708,88.0977,1773293145.7185707
factory_003,543.48,2,Solar,degraded,28.4595,77.0266,1773293145.7185707
residential_001,155.49,3,Solar,active,12.9698,77.75,1773293145.7185707
residential_002,106.59,3,Grid,active,12.9698,77.75,1773293145.7185707
residential_003,90.63,3,Solar,active,12.9698,77.75,1773293145.7185707
hospital_001,154.57,1,Grid,active,28.6139,77.209,1773293205.7185707
hospital_002,179.71,1,Grid,active,13.0827,80.2707,1773293205.7185707
hospital_003,157.71,1,Grid,active,19.076,72.8777,1773293205.7185707
factory_001,433.33,2,Grid,active,12.8406,77.6602,1773293205.7185707
factory_002,240.28,2,Grid,active,22.6708,88.0977,1773293205.7185707
factory_003,307.01,2,Solar,active,28.4595,77.0266,1773293205.7185707
residential_001,102.44,3,Solar,active,12.9698,77.75,1773293205.7185707
residential_002,41.77,3,Solar,degraded,12.9698,77.75,1773293205.7185707
residential_003,69.43,3,Solar,active,12.9698,77.75,1773293205.7185707
hospital_001,142.78,1,Grid,active,28.6139,77.209,1773293265.7185707
hospital_002,154.53,1,Grid,degraded,13.0827,80.2707,1773293265.7185707
hospital_003,175.72,1,Grid,active,19.076,72.8777,1773293265.7185707
factory_001,451.29,2,Grid,active,12.8406,77.6602,1773293265.7185707
factory_002,349.67,2,Solar,active,22.6708,88.0977,1773293265.7185707
factory_003,295.9,2,Grid,active,28.4595,77.0266,1773293265.7185707
residential_001,58.35,3,Grid,degraded,12.9698,77.75,1773293265.7185707
residential_002,68.9,3,Solar,active,12.9698,77.75,1773293265.7185707
residential_003,105.02,3,Solar,active,12.9698,77.75,1773293265.7185707
hospital_001,183.97,1,Grid,active,28.6139,77.209,1773293325.7185707
hospital_002,150.01,1,Grid,active,13.0827,80.2707,1773293325.7185707
hospital_003,263.5,1,Grid,active,19.076,72.8777,1773293325.7185707
factory_001,361.25,2,Solar,active,12.8406,77.6602,1773293325.7185707
factory_002,472.31,2,Grid,active,22.6708,88.0977,1773293325.7185707
factory_003,348.29,2,Solar,active,28.4595,77.0266,1773293325.7185707
residential_001,100.43,3,Grid,active,12.9698,77.75,1773293325.7185707
residential_002,99.4,3,Solar,degraded,12.9698,77.75,1773293325.7185707
residential_003,150.2,3,Grid,active,12.9698,77.75,1773293325.7185707
hospital_001,149.66,1,Grid,active,28.6139,77.209,1773293385.7185707
hospital_002,137.5,1,Grid,active,13.0827,80.2707,1773293385.7185707
hospital_003,274.71,1,Grid,active,19.076,72.8777,1773293385.7185707
factory_001,433.53,2,Solar,active,12.8406,77.6602,1773293385.7185707
factory_002,283.75,2,Grid,active,22.6708,88.0977,1773293385.7185707
factory_003,330.72,2,Solar,active,28.4595,77.0266,1773293385.7185707
residential_001,82.46,3,Solar,active,12.9698,77.75,1773293385.7185707
residential_002,56.22,3,Grid,active,12.9698,77.75,1773293385.7185707
residential_003,60.11,3,Solar,active,12.9698,77.75,1773293385.7185707
hospital_001,151.37,1,Grid,active,28.6139,77.209,1773293445.7185707
hospital_002,171.45,1,Grid,active,13.0827,80.2707,1773293445.7185707
hospital_003,274.63,1,Grid,active,19.076,72.8777,1773293445.7185707
factory_001,249.71,2,Grid,active,12.8406,77.6602,1773293445.7185707
factory_002,460.86,2,Solar,active,22.6708,88.0977,1773293445.7185707
factory_003,361.4,2,Solar,active,28.4595,77.0266,1773293445.7185707
residential_001,127.04,3,Grid,degraded,12.9698,77.75,1773293445.7185707
residential_002,38.11,3,Grid,degraded,12.9698,77.75,1773293445.7185707
residential_003,147.98,3,Grid,active,12.9698,77.75,1773293445.7185707
hospital_001,193.66,1,Grid,active,28.6139,77.209,1773293505.7185707
hospital_002,186.95,1,Grid,active,13.0827,80.2707,1773293505.7185707
hospital_003,171.05,1,Grid,active,19.076,72.8777,1773293505.7185707
factory_001,306.18,2,Grid,active,12.8406,77.6602,1773293505.7185707
factory_002,227.33,2,Solar,active,22.6708,88.0977,1773293505.7185707
factory_003,421.6,2,Grid,active,28.4595,77.0266,1773293505.7185707
residential_001,102.82,3,Solar,active,12.9698,77.75,1773293505.7185707
residential_002,101.06,3,Grid,active,12.9698,77.75,1773293505.7185707
residential_003,125.02,3,Solar,active,12.9698,77.75,1773293505.7185707
hospital_001,154.21,1,Grid,active,28.6139,77.209,1773293565.7185707
hospital_002,191.33,1,Grid,active,13.0827,80.2707,1773293565.7185707
hospital_003,237.15,1,Grid,active,19.076,72.8777,1773293565.7185707
factory_001,250.58,2,Grid,active,12.8406,77.6602,1773293565.7185707
factory_002,380.05,2,Grid,active,22.6708,88.0977,1773293565.7185707
factory_003,608.95,2,Grid,active,28.4595,77.0266,1773293565.7185707
residential_001,129.09,3,Grid,active,12.9698,77.75,1773293565.7185707
residential_002,48.65,3,Solar,degraded,12.9698,77.75,1773293565.7185707
residential_003,64.42,3,Solar,active,12.9698,77.75,1773293565.7185707
hospital_001,131.9,1,Grid,active,28.6139,77.209,1773293625.7185707
hospital_002,178.07,1,Grid,active,13.0827,80.2707,1773293625.7185707
hospital_003,276.0,1,Grid,active,19.076,72.8777,1773293625.7185707
factory_001,580.71,2,Grid,active,12.8406,77.6602,1773293625.7185707
factory_002,272.05,2,Grid,active,22.6708,88.0977,1773293625.7185707
factory_003,526.96,2,Solar,active,28.4595,77.0266,1773293625.7185707
residential_001,175.01,3,Solar,active,12.9698,77.75,1773293625.7185707
residential_002,82.27,3,Solar,active,12.9698,77.75,1773293625.7185707
residential_003,136.91,3,Solar,active,12.9698,77.75,1773293625.7185707
hospital_001,160.94,1,Grid,active,28.6139,77.209,1773293685.7185707
hospital_002,149.3,1,Grid,active,13.0827,80.2707,1773293685.7185707
hospital_003,239.88,1,Grid,active,19.076,72.8777,1773293685.7185707
factory_001,499.97,2,Solar,active,12.8406,77.6602,1773293685.7185707
factory_002,318.36,2,Solar,active,22.6708,88.0977,1773293685.7185707
factory_003,260.21,2,Solar,active,28.4595,77.0266,1773293685.7185707
residential_001,95.58,3,Solar,active,12.9698,77.75,1773293685.7185707
residential_002,54.75,3,Grid,active,12.9698,77.75,1773293685.7185707
residential_003,119.25,3,Grid,active,12.9698,77.75,1773293685.7185707
hospital_001,172.15,1,Grid,active,28.6139,77.209,1773293745.7185707
hospital_002,126.07,1,Grid,active,13.0827,80.2707,1773293745.7185707
hospital_003,262.81,1,Grid,active,19.076,72.8777,1773293745.7185707
factory_001,359.65,2,Grid,active,12.8406,77.6602,1773293745.7185707
factory_002,310.59,2,Solar,active,22.6708,88.0977,1773293745.7185707
factory_003,467.68,2,Solar,active,28.4595,77.0266,1773293745.7185707
residential_001,110.22,3,Solar,active,12.9698,77.75,1773293745.7185707
residential_002,73.36,3,Solar,active,12.9698,77.75,1773293745.7185707
residential_003,69.12,3,Grid,active,12.9698,77.75,1773293745.7185707
hospital_001,109.79,1,Grid,active,28.6139,77.209,1773293805.7185707
hospital_002,189.24,1,Grid,active,13.0827,80.2707,1773293805.7185707
hospital_003,146.15,1,Grid,active,19.076,72.8777,1773293805.7185707
factory_001,384.07,2,Grid,active,12.8406,77.6602,1773293805.7185707
factory_002,260.17,2,Solar,active,22.6708,88.0977,1773293805.7185707
factory_003,292.58,2,Grid,active,28.4595,77.0266,1773293805.7185707
residential_001,113.15,3,Solar,active,12.9698,77.75,1773293805.7185707
residential_002,67.28,3,Grid,active,12.9698,77.75,1773293805.7185707
residential_003,114.49,3,Grid,active,12.9698,77.75,1773293805.7185707
hospital_001,168.35,1,Grid,degraded,28.6139,77.209,1773293865.7185707
hospital_002,184.87,1,Grid,active,13.0827,80.2707,1773293865.7185707
hospital_003,168.28,1,Grid,active,19.076,72.8777,1773293865.7185707
factory_001,425.64,2,Solar,active,12.8406,77.6602,1773293865.7185707
factory_002,347.55,2,Solar,active,22.6708,88.0977,1773293865.7185707
factory_003,508.93,2,Solar,active,28.4595,77.0266,1773293865.7185707
residential_001,63.8,3,Solar,degraded,12.9698,77.75,1773293865.7185707
residential_002,69.98,3,Solar,active,12.9698,77.75,1773293865.7185707
residential_003,90.82,3,Solar,active,12.9698,77.75,1773293865.7185707
hospital_001,159.9,1,Grid,active,28.6139,77.209,1773293925.7185707
hospital_002,133.92,1,Grid,active,13.0827,80.2707,1773293925.7185707
hospital_003,160.7,1,Grid,active,19.076,72.8777,1773293925.7185707
factory_001,366.49,2,Solar,active,12.8406,77.6602,1773293925.7185707
factory_002,338.26,2,Solar,active,22.6708,88.0977,1773293925.7185707
factory_003,399.45,2,Solar,active,28.4595,77.0266,1773293925.7185707
residential_001,63.3,3,Solar,degraded,12.9698,77.75,1773293925.7185707
residential_002,68.31,3,Solar,active,12.9698,77.75,1773293925.7185707
residential_003,136.82,3,Grid,active,12.9698,77.75,1773293925.7185707
hospital_001,161.56,1,Grid,active,28.6139,77.209,1773293985.7185707
hospital_002,126.12,1,Grid,active,13.0827,80.2707,1773293985.7185707
hospital_003,157.04,1,Grid,active,19.076,72.8777,1773293985.7185707
factory_001,464.35,2,Grid,active,12.8406,77.6602,1773293985.7185707
factory_002,418.55,2,Grid,active,22.6708,88.0977,1773293985.7185707
factory_003,278.74,2,Solar,active,28.4595,77.0266,1773293985.7185707
residential_001,129.4,3,Grid,active,12.9698,77.75,1773293985.7185707
residential_002,75.74,3,Solar,active,12.9698,77.75,1773293985.7185707
residential_003,136.23,3,Grid,active,12.9698,77.75,1773293985.7185707
hospital_001,180.91,1,Grid,active,28.6139,77.209,1773294045.7185707
hospital_002,162.21,1,Grid,active,13.0827,80.2707,1773294045.7185707
hospital_003,239.61,1,Grid,active,19.076,72.8777,1773294045.7185707
factory_001,222.98,2,Solar,active,12.8406,77.6602,1773294045.7185707
factory_002,289.28,2,Solar,active,22.6708,88.0977,1773294045.7185707
factory_003,594.55,2,Grid,degraded,28.4595,77.0266,1773294045.7185707
residential_001,77.1,3,Solar,active,12.9698,77.75,1773294045.7185707
residential_002,79.49,3,Grid,active,12.9698,77.75,1773294045.7185707
residential_003,60.95,3,Solar,active,12.9698,77.75,1773294045.7185707
hospital_001,197.16,1,Grid,active,28.6139,77.209,1773294105.7185707
hospital_002,157.02,1,Grid,active,13.0827,80.2707,1773294105.7185707
hospital_003,244.13,1,Grid,active,19.076,72.8777,1773294105.7185707
factory_001,319.54,2,Solar,active,12.8406,77.6602,1773294105.7185707
factory_002,433.83,2,Grid,active,22.6708,88.0977,1773294105.7185707
factory_003,409.45,2,Solar,active,28.4595,77.0266,1773294105.7185707
residential_001,132.35,3,Grid,active,12.9698,77.75,1773294105.7185707
residential_002,74.39,3,Solar,active,12.9698,77.75,1773294105.7185707
residential_003,105.9,3,Grid,active,12.9698,77.75,1773294105.7185707
hospital_001,119.68,1,Grid,active,28.6139,77.209,1773294165.7185707
hospital_002,119.15,1,Grid,active,13.0827,80.2707,1773294165.7185707
hospital_003,211.59,1,Grid,active,19.076,72.8777,1773294165.7185707
factory_001,300.91,2,Grid,active,12.8406,77.6602,1773294165.7185707
factory_002,447.19,2,Grid,active,22.6708,88.0977,1773294165.7185707
factory_003,523.8,2,Solar,active,28.4595,77.0266,1773294165.7185707
residential_001,129.0,3,Grid,active,12.9698,77.75,1773294165.7185707
residential_002,60.17,3,Grid,active,12.9698,77.75,1773294165.7185707
residential_003,121.77,3,Solar,active,12.9698,77.75,1773294165.7185707
hospital_001,177.31,1,Grid,active,28.6139,77.209,1773294225.7185707
hospital_002,147.63,1,Grid,active,13.0827,80.2707,1773294225.7185707
hospital_003,209.71,1,Grid,active,19.076,72.8777,1773294225.7185707
factory_001,386.02,2,Solar,active,12.8406,77.6602,1773294225.7185707
factory_002,267.24,2,Solar,active,22.6708,88.0977,1773294225.7185707
factory_003,509.49,2,Solar,active,28.4595,77.0266,1773294225.7185707
residential_001,97.72,3,Grid,active,12.9698,77.75,1773294225.7185707
residential_002,99.23,3,Grid,active,12.9698,77.75,1773294225.7185707
residential_003,94.52,3,Solar,active,12.9698,77.75,1773294225.7185707
hospital_001,107.02,1,Grid,active,28.6139,77.209,1773294285.7185707
hospital_002,122.45,1,Grid,active,13.0827,80.2707,1773294285.7185707
hospital_003,163.34,1,Grid,degraded,19.076,72.8777,1773294285.7185707
factory_001,531.68,2,Solar,active,12.8406,77.6602,1773294285.7185707
factory_002,258.77,2,Solar,active,22.6708,88.0977,1773294285.7185707
factory_003,460.48,2,Solar,active,28.4595,77.0266,1773294285.7185707
residential_001,75.38,3,Grid,active,12.9698,77.75,1773294285.7185707
residential_002,93.45,3,Solar,active,12.9698,77.75,1773294285.7185707
residential_003,104.96,3,Solar,active,12.9698,77.75,1773294285.7185707
hospital_001,120.02,1,Grid,active,28.6139,77.209,1773294345.7185707
hospital_002,172.67,1,Grid,active,13.0827,80.2707,1773294345.7185707
hospital_003,265.17,1,Grid,active,19.076,72.8777,1773294345.7185707
factory_001,255.17,2,Solar,active,12.8406,77.6602,1773294345.7185707
factory_002,419.67,2,Solar,active,22.6708,88.0977,1773294345.7185707
factory_003,295.64,2,Grid,active,28.4595,77.0266,1773294345.7185707
residential_001,87.22,3,Grid,active,12.9698,77.75,1773294345.7185707
residential_002,96.75,3,Solar,active,12.9698,77.75,1773294345.7185707
residential_003,56.55,3,Grid,active,12.9698,77.75,1773294345.7185707
hospital_001,108.93,1,Grid,active,28.6139,77.209,1773294405.7185707
hospital_002,160.28,1,Grid,active,13.0827,80.2707,1773294405.7185707
hospital_003,249.83,1,Grid,active,19.076,72.8777,1773294405.7185707
factory_001,305.44,2,Solar,active,12.8406,77.6602,1773294405.7185707
factory_002,445.48,2,Solar,active,22.6708,88.0977,1773294405.7185707
factory_003,423.06,2,Grid,active,28.4595,77.0266,1773294405.7185707
residential_001,139.47,3,Solar,active,12.9698,77.75,1773294405.7185707
residential_002,70.22,3,Solar,active,12.9698,77.75,1773294405.7185707
residential_003,54.96,3,Solar,degraded,12.9698,77.75,1773294405.7185707
hospital_001,135.7,1,Grid,active,28.6139,77.209,1773294465.7185707
hospital_002,150.9,1,Grid,active,13.0827,80.2707,1773294465.7185707
hospital_003,279.53,1,Grid,active,19.076,72.8777,1773294465.7185707
factory_001,493.38,2,Grid,active,12.8406,77.6602,1773294465.7185707
factory_002,438.33,2,Solar,active,22.6708,88.0977,1773294465.7185707
factory_003,466.71,2,Solar,active,28.4595,77.0266,1773294465.7185707
residential_001,97.98,3,Solar,active,12.9698,77.75,1773294465.7185707
residential_002,67.73,3,Solar,active,12.9698,77.75,1773294465.7185707
residential_003,55.53,3,Solar,degraded,12.9698,77.75,1773294465.7185707
hospital_001,122.1,1,Grid,active,28.6139,77.209,1773294525.7185707
hospital_002,122.92,1,Grid,active,13.0827,80.2707,1773294525.7185707
hospital_003,178.93,1,Grid,active,19.076,72.8777,1773294525.7185707
factory_001,409.45,2,Grid,active,12.8406,77.6602,1773294525.7185707
factory_002,207.57,2,Grid,active,22.6708,88.0977,1773294525.7185707
factory_003,716.77,2,Grid,active,28.4595,77.0266,1773294525.7185707
residential_001,120.82,3,Solar,active,12.9698,77.75,1773294525.7185707
residential_002,86.32,3,Solar,active,12.9698,77.75,1773294525.7185707
residential_003,66.98,3,Grid,active,12.9698,77.75,1773294525.7185707
hospital_001,138.03,1,Grid,active,28.6139,77.209,1773294585.7185707
hospital_002,166.41,1,Grid,active,13.0827,80.2707,1773294585.7185707
hospital_003,244.34,1,Grid,active,19.076,72.8777,1773294585.7185707
factory_001,398.1,2,Solar,active,12.8406,77.6602,1773294585.7185707
factory_002,289.32,2,Solar,active,22.6708,88.0977,1773294585.7185707
factory_003,500.4,2,Solar,active,28.4595,77.0266,1773294585.7185707
residential_001,73.19,3,Grid,active,12.9698,77.75,1773294585.7185707
residential_002,83.17,3,Solar,active,12.9698,77.75,1773294585.7185707
residential_003,75.01,3,Solar,active,12.9698,77.75,1773294585.7185707
hospital_001,104.56,1,Grid,active,28.6139,77.209,1773294645.7185707
hospital_002,157.87,1,Grid,active,13.0827,80.2707,1773294645.7185707
hospital_003,165.84,1,Grid,active,19.076,72.8777,1773294645.7185707
factory_001,299.62,2,Grid,active,12.8406,77.6602,1773294645.7185707
factory_002,252.88,2,Solar,active,22.6708,88.0977,1773294645.7185707
factory_003,415.6,2,Solar,active,28.4595,77.0266,1773294645.7185707
residential_001,59.95,3,Grid,degraded,12.9698,77.75,1773294645.7185707
residential_002,88.28,3,Solar,active,12.9698,77.75,1773294645.7185707
residential_003,91.49,3,Grid,active,12.9698,77.75,1773294645.7185707
hospital_001,129.33,1,Grid,active,28.6139,77.209,1773294705.7185707
hospital_002,127.33,1,Grid,active,13.0827,80.2707,1773294705.7185707
hospital_003,267.21,1,Grid,active,19.076,72.8777,1773294705.7185707
factory_001,414.43,2,Solar,active,12.8406,77.6602,1773294705.7185707
factory_002,241.16,2,Grid,active,22.6708,88.0977,1773294705.7185707
factory_003,630.04,2,Grid,active,28.4595,77.0266,1773294705.7185707
residential_001,146.56,3,Solar,active,12.9698,77.75,1773294705.7185707
residential_002,81.41,3,Solar,active,12.9698,77.75,1773294705.7185707
residential_003,78.0,3,Solar,active,12.9698,77.75,1773294705.7185707
hospital_001,108.4,1,Grid,active,28.6139,77.209,1773294765.7185707
hospital_002,205.66,1,Grid,active,13.0827,80.2707,1773294765.7185707
hospital_003,144.68,1,Grid,active,19.076,72.8777,1773294765.7185707
factory_001,303.01,2,Solar,active,12.8406,77.6602,1773294765.7185707
factory_002,305.5,2,Solar,active,22.6708,88.0977,1773294765.7185707
factory_003,554.0,2,Grid,active,28.4595,77.0266,1773294765.7185707
residential_001,61.0,3,Solar,degraded,12.9698,77.75,1773294765.7185707
residential_002,88.93,3,Solar,active,12.9698,77.75,1773294765.7185707
residential_003,87.5,3,Solar,degraded,12.9698,77.75,1773294765.7185707
hospital_001,180.28,1,Grid,active,28.6139,77.209,1773294825.7185707
hospital_002,192.25,1,Grid,active,13.0827,80.2707,1773294825.7185707
hospital_003,207.58,1,Grid,active,19.076,72.8777,1773294825.7185707
factory_001,469.19,2,Solar,active,12.8406,77.6602,1773294825.7185707
factory_002,368.89,2,Solar,degraded,22.6708,88.0977,1773294825.7185707
factory_003,334.21,2,Grid,active,28.4595,77.0266,1773294825.7185707
residential_001,124.27,3,Grid,active,12.9698,77.75,1773294825.7185707
residential_002,90.42,3,Solar,active,12.9698,77.75,1773294825.7185707
residential_003,97.05,3,Grid,active,12.9698,77.75,1773294825.7185707
hospital_001,170.26,1,Grid,active,28.6139,77.209,1773294885.7185707
hospital_002,190.16,1,Grid,active,13.0827,80.2707,1773294885.7185707
hospital_003,201.59,1,Grid,active,19.076,72.8777,1773294885.7185707
factory_001,400.66,2,Grid,active,12.8406,77.6602,1773294885.7185707
factory_002,415.26,2,Grid,active,22.6708,88.0977,1773294885.7185707
factory_003,576.11,2,Solar,active,28.4595,77.0266,1773294885.7185707
residential_001,131.06,3,Grid,active,12.9698,77.75,1773294885.7185707
residential_002,62.11,3,Grid,active,12.9698,77.75,1773294885.7185707
residential_003,72.6,3,Grid,active,12.9698,77.75,1773294885.7185707
hospital_001,173.11,1,Grid,active,28.6139,77.209,1773294945.7185707
hospital_002,164.92,1,Grid,active,13.0827,80.2707,1773294945.7185707
hospital_003,264.07,1,Grid,active,19.076,72.8777,1773294945.7185707
factory_001,528.14,2,Solar,active,12.8406,77.6602,1773294945.7185707
factory_002,224.55,2,Solar,active,22.6708,88.0977,1773294945.7185707
factory_003,593.08,2,Grid,active,28.4595,77.0266,1773294945.7185707
residential_001,111.92,3,Solar,active,12.9698,77.75,1773294945.7185707
residential_002,59.36,3,Grid,active,12.9698,77.75,1773294945.7185707
residential_003,65.89,3,Solar,active,12.9698,77.75,1773294945.7185707
hospital_001,161.23,1,Grid,active,28.6139,77.209,1773295005.7185707
hospital_002,235.28,1,Grid,active,13.0827,80.2707,1773295005.7185707
hospital_003,271.47,1,Grid,active,19.076,72.8777,1773295005.7185707
factory_001,356.87,2,Solar,active,12.8406,77.6602,1773295005.7185707
factory_002,319.66,2,Grid,active,22.6708,88.0977,1773295005.7185707
factory_003,413.26,2,Grid,active,28.4595,77.0266,1773295005.7185707
residential_001,133.88,3,Solar,active,12.9698,77.75,1773295005.7185707
residential_002,110.37,3,Solar,active,12.9698,77.75,1773295005.7185707
residential_003,100.67,3,Solar,active,12.9698,77.75,1773295005.7185707
hospital_001,157.17,1,Grid,active,28.6139,77.209,1773295065.7185707
hospital_002,140.75,1,Grid,active,13.0827,80.2707,1773295065.7185707
hospital_003,242.63,1,Grid,active,19.076,72.8777,1773295065.7185707
factory_001,499.39,2,Solar,degraded,12.8406,77.6602,1773295065.7185707
factory_002,280.93,2,Grid,active,22.6708,88.0977,1773295065.7185707
factory_003,363.57,2,Solar,active,28.4595,77.0266,1773295065.7185707
residential_001,118.35,3,Solar,active,12.9698,77.75,1773295065.7185707
residential_002,70.84,3,Solar,active,12.9698,77.75,1773295065.7185707
residential_003,103.74,3,Solar,active,12.9698,77.75,1773295065.7185707
hospital_001,152.46,1,Grid,active,28.6139,77.209,1773295125.7185707
hospital_002,173.33,1,Grid,active,13.0827,80.2707,1773295125.7185707
hospital_003,268.49,1,Grid,active,19.076,72.8777,1773295125.7185707
factory_001,401.3,2,Grid,active,12.8406,77.6602,1773295125.7185707
factory_002,507.66,2,Grid,active,22.6708,88.0977,1773295125.7185707
factory_003,629.38,2,Grid,active,28.4595,77.0266,1773295125.7185707
residential_001,125.38,3,Solar,active,12.9698,77.75,1773295125.7185707
residential_002,66.39,3,Solar,active,12.9698,77.75,1773295125.7185707
residential_003,142.22,3,Solar,active,12.9698,77.75,1773295125.7185707
hospital_001,165.43,1,Grid,active,28.6139,77.209,1773295185.7185707
hospital_002,195.9,1,Grid,active,13.0827,80.2707,1773295185.7185707
hospital_003,223.98,1,Grid,active,19.076,72.8777,1773295185.7185707
factory_001,371.98,2,Grid,active,12.8406,77.6602,1773295185.7185707
factory_002,250.12,2,Solar,degraded,22.6708,88.0977,1773295185.7185707
factory_003,455.55,2,Solar,active,28.4595,77.0266,1773295185.7185707
residential_001,177.06,3,Solar,active,12.9698,77.75,1773295185.7185707
residential_002,45.56,3,Grid,active,12.9698,77.75,1773295185.7185707
residential_003,90.9,3,Solar,active,12.9698,77.75,1773295185.7185707
hospital_001,146.78,1,Grid,active,28.6139,77.209,1773295245.7185707
hospital_002,223.93,1,Grid,active,13.0827,80.2707,1773295245.7185707
hospital_003,177.29,1,Grid,active,19.076,72.8777,1773295245.7185707
factory_001,476.38,2,Grid,active,12.8406,77.6602,1773295245.7185707
factory_002,473.03,2,Solar,active,22.6708,88.0977,1773295245.7185707
factory_003,296.98,2,Grid,active,28.4595,77.0266,1773295245.7185707
residential_001,61.9,3,Grid,degraded,12.9698,77.75,1773295245.7185707
residential_002,112.56,3,Solar,active,12.9698,77.75,1773295245.7185707
residential_003,95.06,3,Grid,active,12.9698,77.75,1773295245.7185707
hospital_001,133.05,1,Grid,degraded,28.6139,77.209,1773295305.7185707
hospital_002,169.21,1,Grid,active,13.0827,80.2707,1773295305.7185707
hospital_003,177.42,1,Grid,active,19.076,72.8777,1773295305.7185707
factory_001,436.17,2,Grid,active,12.8406,77.6602,1773295305.7185707
factory_002,477.38,2,Solar,active,22.6708,88.0977,1773295305.7185707
factory_003,423.15,2,Grid,active,28.4595,77.0266,1773295305.7185707
residential_001,121.72,3,Solar,active,12.9698,77.75,1773295305.7185707
residential_002,84.86,3,Solar,active,12.9698,77.75,1773295305.7185707
residential_003,89.79,3,Solar,active,12.9698,77.75,1773295305.7185707
hospital_001,124.43,1,Grid,active,28.6139,77.209,1773295365.7185707
hospital_002,141.02,1,Grid,active,13.0827,80.2707,1773295365.7185707
hospital_003,185.23,1,Grid,active,19.076,72.8777,1773295365.7185707
factory_001,306.7,2,Solar,active,12.8406,77.6602,1773295365.7185707
factory_002,364.75,2,Solar,active,22.6708,88.0977,1773295365.7185707
factory_003,277.53,2,Grid,active,28.4595,77.0266,1773295365.7185707
residential_001,131.64,3,Solar,active,12.9698,77.75,1773295365.7185707
residential_002,66.54,3,Solar,active,12.9698,77.75,1773295365.7185707
residential_003,110.77,3,Grid,active,12.9698,77.75,1773295365.7185707
hospital_001,176.93,1,Grid,active,28.6139,77.209,1773295425.7185707
hospital_002,138.22,1,Grid,active,13.0827,80.2707,1773295425.7185707
hospital_003,200.98,1,Grid,active,19.076,72.8777,1773295425.7185707
factory_001,472.58,2,Grid,active,12.8406,77.6602,1773295425.7185707
factory_002,354.92,2,Solar,active,22.6708,88.0977,1773295425.7185707
factory_003,521.4,2,Solar,degraded,28.4595,77.0266,1773295425.7185707
residential_001,137.0,3,Solar,active,12.9698,77.75,1773295425.7185707
residential_002,77.53,3,Solar,active,12.9698,77.75,1773295425.7185707
residential_003,86.74,3,Solar,active,12.9698,77.75,1773295425.7185707
hospital_001,174.72,1,Grid,active,28.6139,77.209,1773295485.7185707
hospital_002,159.57,1,Grid,active,13.0827,80.2707,1773295485.7185707
hospital_003,175.41,1,Grid,active,19.076,72.8777,1773295485.7185707
factory_001,490.7,2,Solar,active,12.8406,77.6602,1773295485.7185707
factory_002,210.02,2,Grid,active,22.6708,88.0977,1773295485.7185707
factory_003,281.37,2,Solar,active,28.4595,77.0266,1773295485.7185707
residential_001,162.72,3,Grid,active,12.9698,77.75,1773295485.7185707
residential_002,71.42,3,Solar,active,12.9698,77.75,1773295485.7185707
residential_003,102.9,3,Solar,active,12.9698,77.75,1773295485.7185707
hospital_001,145.68,1,Grid,active,28.6139,77.209,1773295545.7185707
hospital_002,195.85,1,Grid,active,13.0827,80.2707,1773295545.7185707
hospital_003,217.95,1,Grid,active,19.076,72.8777,1773295545.7185707
factory_001,271.45,2,Solar,active,12.8406,77.6602,1773295545.7185707
factory_002,311.17,2,Solar,active,22.6708,88.0977,1773295545.7185707
factory_003,312.99,2,Solar,active,28.4595,77.0266,1773295545.7185707
residential_001,124.94,3,Solar,active,12.9698,77.75,1773295545.7185707
residential_002,93.77,3,Grid,active,12.9698,77.75,1773295545.7185707
residential_003,145.25,3,Solar,active,12.9698,77.75,1773295545.7185707
hospital_001,176.18,1,Grid,active,28.6139,77.209,1773295605.7185707
hospital_002,200.28,1,Grid,active,13.0827,80.2707,1773295605.7185707
hospital_003,210.32,1,Grid,active,19.076,72.8777,1773295605.7185707
factory_001,244.98,2,Solar,active,12.8406,77.6602,1773295605.7185707
factory_002,575.61,2,Solar,active,22.6708,88.0977,1773295605.7185707
factory_003,554.15,2,Solar,active,28.4595,77.0266,1773295605.7185707
residential_001,149.35,3,Solar,active,12.9698,77.75,1773295605.7185707
residential_002,67.98,3,Solar,active,12.9698,77.75,1773295605.7185707
residential_003,96.21,3,Solar,active,12.9698,77.75,1773295605.7185707
hospital_001,143.28,1,Grid,active,28.6139,77.209,1773295665.7185707
hospital_002,171.55,1,Grid,active,13.0827,80.2707,1773295665.7185707
hospital_003,200.52,1,Grid,active,19.076,72.8777,1773295665.7185707
factory_001,468.61,2,Solar,active,12.8406,77.6602,1773295665.7185707
factory_002,287.79,2,Solar,active,22.6708,88.0977,1773295665.7185707
factory_003,277.76,2,Solar,active,28.4595,77.0266,1773295665.7185707
residential_001,69.98,3,Solar,active,12.9698,77.75,1773295665.7185707
residential_002,78.45,3,Solar,active,12.9698,77.75,1773295665.7185707
residential_003,105.48,3,Grid,active,12.9698,77.75,1773295665.7185707
hospital_001,125.14,1,Grid,active,28.6139,77.209,1773295725.7185707
hospital_002,181.08,1,Grid,active,13.0827,80.2707,1773295725.7185707
hospital_003,205.98,1,Grid,active,19.076,72.8777,1773295725.7185707
factory_001,279.04,2,Solar,active,12.8406,77.6602,1773295725.7185707
factory_002,411.3,2,Grid,active,22.6708,88.0977,1773295725.7185707
factory_003,499.68,2,Solar,active,28.4595,77.0266,1773295725.7185707
residential_001,89.16,3,Solar,active,12.9698,77.75,1773295725.7185707
residential_002,77.25,3,Grid,active,12.9698,77.75,1773295725.7185707
residential_003,107.25,3,Grid,active,12.9698,77.75,1773295725.7185707
hospital_001,150.02,1,Grid,active,28.6139,77.209,1773295785.7185707
hospital_002,146.12,1,Grid,active,13.0827,80.2707,1773295785.7185707
hospital_003,281.93,1,Grid,active,19.076,72.8777,1773295785.7185707
factory_001,436.33,2,Grid,active,12.8406,77.6602,1773295785.7185707
factory_002,293.83,2,Solar,active,22.6708,88.0977,1773295785.7185707
factory_003,393.23,2,Grid,active,28.4595,77.0266,1773295785.7185707
residential_001,136.02,3,Grid,active,12.9698,77.75,1773295785.7185707
residential_002,57.07,3,Solar,active,12.9698,77.75,1773295785.7185707
residential_003,82.14,3,Solar,active,12.9698,77.75,1773295785.7185707
hospital_001,151.69,1,Grid,active,28.6139,77.209,1773295845.7185707
hospital_002,170.87,1,Grid,degraded,13.0827,80.2707,1773295845.7185707
hospital_003,262.91,1,Grid,active,19.076,72.8777,1773295845.7185707
factory_001,303.98,2,Grid,active,12.8406,77.6602,1773295845.7185707
factory_002,374.68,2,Grid,active,22.6708,88.0977,1773295845.7185707
factory_003,566.01,2,Solar,active,28.4595,77.0266,1773295845.7185707
residential_001,130.04,3,Grid,active,12.9698,77.75,1773295845.7185707
residential_002,63.23,3,Grid,active,12.9698,77.75,1773295845.7185707
residential_003,64.26,3,Solar,active,12.9698,77.75,1773295845.7185707
hospital_001,175.63,1,Grid,active,28.6139,77.209,1773295905.7185707
hospital_002,203.03,1,Grid,active,13.0827,80.2707,1773295905.7185707
hospital_003,243.14,1,Grid,active,19.076,72.8777,1773295905.7185707
factory_001,398.39,2,Solar,active,12.8406,77.6602,1773295905.7185707
factory_002,220.13,2,Solar,active,22.6708,88.0977,1773295905.7185707
factory_003,617.33,2,Solar,active,28.4595,77.0266,1773295905.7185707
residential_001,98.85,3,Grid,active,12.9698,77.75,1773295905.7185707
residential_002,53.95,3,Solar,active,12.9698,77.75,1773295905.7185707
residential_003,137.81,3,Solar,active,12.9698,77.75,1773295905.7185707
hospital_001,109.19,1,Grid,active,28.6139,77.209,1773295965.7185707
hospital_002,205.05,1,Grid,active,13.0827,80.2707,1773295965.7185707
hospital_003,232.32,1,Grid,active,19.076,72.8777,1773295965.7185707
factory_001,374.33,2,Grid,active,12.8406,77.6602,1773295965.7185707
factory_002,316.75,2,Solar,active,22.6708,88.0977,1773295965.7185707
factory_003,451.61,2,Grid,active,28.4595,77.0266,1773295965.7185707
residential_001,131.78,3,Solar,active,12.9698,77.75,1773295965.7185707
residential_002,61.78,3,Solar,active,12.9698,77.75,1773295965.7185707
residential_003,104.21,3,Solar,active,12.9698,77.75,1773295965.7185707
hospital_001,184.37,1,Grid,active,28.6139,77.209,1773296025.7185707
hospital_002,125.12,1,Grid,active,13.0827,80.2707,1773296025.7185707
hospital_003,242.27,1,Grid,active,19.076,72.8777,1773296025.7185707
factory_001,464.15,2,Solar,active,12.8406,77.6602,1773296025.7185707
factory_002,362.48,2,Grid,active,22.6708,88.0977,1773296025.7185707
factory_003,415.47,2,Solar,active,28.4595,77.0266,1773296025.7185707
residential_001,72.57,3,Grid,active,12.9698,77.75,1773296025.7185707
residential_002,98.77,3,Solar,active,12.9698,77.75,1773296025.7185707
residential_003,74.11,3,Grid,active,12.9698,77.75,1773296025.7185707
hospital_001,170.17,1,Grid,active,28.6139,77.209,1773296085.7185707
hospital_002,137.42,1,Grid,active,13.0827,80.2707,1773296085.7185707
hospital_003,245.27,1,Grid,active,19.076,72.8777,1773296085.7185707
factory_001,297.94,2,Solar,active,12.8406,77.6602,1773296085.7185707
factory_002,446.68,2,Grid,active,22.6708,88.0977,1773296085.7185707
factory_003,542.52,2,Grid,active,28.4595,77.0266,1773296085.7185707
residential_001,153.33,3,Solar,active,12.9698,77.75,1773296085.7185707
residential_002,84.57,3,Grid,active,12.9698,77.75,1773296085.7185707
residential_003,97.81,3,Solar,active,12.9698,77.75,1773296085.7185707
hospital_001,187.79,1,Grid,active,28.6139,77.209,1773296145.7185707
hospital_002,166.36,1,Grid,active,13.0827,80.2707,1773296145.7185707
hospital_003,224.06,1,Grid,active,19.076,72.8777,1773296145.7185707
factory_001,281.28,2,Grid,active,12.8406,77.6602,1773296145.7185707
factory_002,363.18,2,Solar,active,22.6708,88.0977,1773296145.7185707
factory_003,525.51,2,Grid,active,28.4595,77.0266,1773296145.7185707
residential_001,158.03,3,Solar,active,12.9698,77.75,1773296145.7185707
residential_002,106.59,3,Solar,active,12.9698,77.75,1773296145.7185707
residential_003,118.15,3,Grid,active,12.9698,77.75,1773296145.7185707
hospital_001,145.37,1,Grid,active,28.6139,77.209,1773296205.7185707
hospital_002,177.61,1,Grid,active,13.0827,80.2707,1773296205.7185707
hospital_003,210.99,1,Grid,active,19.076,72.8777,1773296205.7185707
factory_001,592.6,2,Solar,active,12.8406,77.6602,1773296205.7185707
factory_002,254.1,2,Solar,active,22.6708,88.0977,1773296205.7185707
factory_003,462.96,2,Grid,active,28.4595,77.0266,1773296205.7185707
residential_001,95.32,3,Grid,active,12.9698,77.75,1773296205.7185707
residential_002,60.56,3,Grid,active,12.9698,77.75,1773296205.7185707
residential_003,54.05,3,Grid,degraded,12.9698,77.75,1773296205.7185707
hospital_001,176.24,1,Grid,active,28.6139,77.209,1773296265.7185707
hospital_002,116.31,1,Grid,active,13.0827,80.2707,1773296265.7185707
hospital_003,207.38,1,Grid,active,19.076,72.8777,1773296265.7185707
factory_001,293.8,2,Grid,active,12.8406,77.6602,1773296265.7185707
factory_002,300.03,2,Grid,active,22.6708,88.0977,1773296265.7185707
factory_003,326.66,2,Grid,active,28.4595,77.0266,1773296265.7185707
residential_001,135.51,3,Solar,active,12.9698,77.75,1773296265.7185707
residential_002,86.14,3,Solar,active,12.9698,77.75,1773296265.7185707
residential_003,111.93,3,Grid,active,12.9698,77.75,1773296265.7185707
hospital_001,120.02,1,Grid,active,28.6139,77.209,1773296325.7185707
hospital_002,120.16,1,Grid,active,13.0827,80.2707,1773296325.7185707
hospital_003,199.26,1,Grid,active,19.076,72.8777,1773296325.7185707
factory_001,307.77,2,Grid,active,12.8406,77.6602,1773296325.7185707
factory_002,246.6,2,Grid,active,22.6708,88.0977,1773296325.7185707
factory_003,318.48,2,Grid,active,28.4595,77.0266,1773296325.7185707
residential_001,150.99,3,Solar,active,12.9698,77.75,1773296325.7185707
residential_002,82.67,3,Grid,active,12.9698,77.75,1773296325.7185707
residential_003,73.92,3,Solar,active,12.9698,77.75,1773296325.7185707
hospital_001,148.72,1,Grid,active,28.6139,77.209,1773296385.7185707
hospital_002,153.64,1,Grid,active,13.0827,80.2707,1773296385.7185707
hospital_003,206.41,1,Grid,degraded,19.076,72.8777,1773296385.7185707
factory_001,557.36,2,Solar,active,12.8406,77.6602,1773296385.7185707
factory_002,388.99,2,Grid,active,22.6708,88.0977,1773296385.7185707
factory_003,267.15,2,Grid,active,28.4595,77.0266,1773296385.7185707
residential_001,79.24,3,Solar,active,12.9698,77.75,1773296385.7185707
residential_002,92.73,3,Solar,active,12.9698,77.75,1773296385.7185707
residential_003,136.53,3,Solar,active,12.9698,77.75,1773296385.7185707
hospital_001,122.09,1,Grid,active,28.6139,77.209,1773296445.7185707
hospital_002,167.61,1,Grid,active,13.0827,80.2707,1773296445.7185707
hospital_003,141.9,1,Grid,active,19.076,72.8777,1773296445.7185707
factory_001,309.09,2,Grid,active,12.8406,77.6602,1773296445.7185707
factory_002,409.22,2,Grid,active,22.6708,88.0977,1773296445.7185707
factory_003,388.75,2,Solar,active,28.4595,77.0266,1773296445.7185707
residential_001,155.18,3,Solar,active,12.9698,77.75,1773296445.7185707
residential_002,42.64,3,Grid,degraded,12.9698,77.75,1773296445.7185707
residential_003,58.36,3,Grid,active,12.9698,77.75,1773296445.7185707
hospital_001,116.39,1,Grid,active,28.6139,77.209,1773296505.7185707
hospital_002,183.09,1,Grid,degraded,13.0827,80.2707,1773296505.7185707
hospital_003,179.06,1,Grid,active,19.076,72.8777,1773296505.7185707
factory_001,257.99,2,Grid,active,12.8406,77.6602,1773296505.7185707
factory_002,283.06,2,Solar,active,22.6708,88.0977,1773296505.7185707
factory_003,330.83,2,Solar,active,28.4595,77.0266,1773296505.7185707
residential_001,105.97,3,Solar,degraded,12.9698,77.75,1773296505.7185707
residential_002,112.54,3,Solar,active,12.9698,77.75,1773296505.7185707
residential_003,83.48,3,Solar,active,12.9698,77.75,1773296505.7185707
hospital_001,176.76,1,Grid,active,28.6139,77.209,1773296565.7185707
hospital_002,209.02,1,Grid,active,13.0827,80.2707,1773296565.7185707
hospital_003,257.84,1,Grid,active,19.076,72.8777,1773296565.7185707
factory_001,505.24,2,Solar,degraded,12.8406,77.6602,1773296565.7185707
factory_002,243.52,2,Grid,active,22.6708,88.0977,1773296565.7185707
factory_003,384.49,2,Grid,active,28.4595,77.0266,1773296565.7185707
residential_001,158.78,3,Solar,active,12.9698,77.75,1773296565.7185707
residential_002,39.83,3,Solar,degraded,12.9698,77.75,1773296565.7185707
residential_003,92.86,3,Solar,active,12.9698,77.75,1773296565.7185707
hospital_001,160.91,1,Grid,active,28.6139,77.209,1773296625.7185707
hospital_002,161.0,1,Grid,active,13.0827,80.2707,1773296625.7185707
hospital_003,214.74,1,Grid,active,19.076,72.8777,1773296625.7185707
factory_001,549.19,2,Grid,active,12.8406,77.6602,1773296625.7185707
factory_002,278.24,2,Solar,active,22.6708,88.0977,1773296625.7185707
factory_003,283.19,2,Solar,active,28.4595,77.0266,1773296625.7185707
residential_001,87.6,3,Solar,active,12.9698,77.75,1773296625.7185707
residential_002,102.85,3,Grid,active,12.9698,77.75,1773296625.7185707
residential_003,110.11,3,Solar,active,12.9698,77.75,1773296625.7185707
hospital_001,123.6,1,Grid,active,28.6139,77.209,1773296685.7185707
hospital_002,171.59,1,Grid,degraded,13.0827,80.2707,1773296685.7185707
hospital_003,245.34,1,Grid,active,19.076,72.8777,1773296685.7185707
factory_001,487.34,2,Solar,active,12.8406,77.6602,1773296685.7185707
factory_002,256.7,2,Grid,active,22.6708,88.0977,1773296685.7185707
factory_003,350.27,2,Grid,active,28.4595,77.0266,1773296685.7185707
residential_001,109.97,3,Solar,active,12.9698,77.75,1773296685.7185707
residential_002,58.77,3,Grid,active,12.9698,77.75,1773296685.7185707
residential_003,117.7,3,Solar,active,12.9698,77.75,1773296685.7185707
hospital_001,116.25,1,Grid,active,28.6139,77.209,1773296745.7185707
hospital_002,187.3,1,Grid,active,13.0827,80.2707,1773296745.7185707
hospital_003,200.2,1,Grid,active,19.076,72.8777,1773296745.7185707
factory_001,380.21,2,Grid,active,12.8406,77.6602,1773296745.7185707
factory_002,394.24,2,Solar,active,22.6708,88.0977,1773296745.7185707
factory_003,364.34,2,Grid,active,28.4595,77.0266,1773296745.7185707
residential_001,156.72,3,Solar,active,12.9698,77.75,1773296745.7185707
residential_002,90.77,3,Grid,active,12.9698,77.75,1773296745.7185707
residential_003,98.21,3,Solar,active,12.9698,77.75,1773296745.7185707
hospital_001,140.08,1,Grid,degraded,28.6139,77.209,1773296805.7185707
hospital_002,154.35,1,Grid,active,13.0827,80.2707,1773296805.7185707
hospital_003,194.99,1,Grid,active,19.076,72.8777,1773296805.7185707
factory_001,268.51,2,Solar,active,12.8406,77.6602,1773296805.7185707
factory_002,505.6,2,Solar,active,22.6708,88.0977,1773296805.7185707
factory_003,628.49,2,Solar,active,28.4595,77.0266,1773296805.7185707
residential_001,85.58,3,Solar,active,12.9698,77.75,1773296805.7185707
residential_002,93.89,3,Solar,active,12.9698,77.75,1773296805.7185707
residential_003,127.91,3,Grid,active,12.9698,77.75,1773296805.7185707
hospital_001,164.03,1,Grid,active,28.6139,77.209,1773296865.7185707
hospital_002,111.41,1,Grid,active,13.0827,80.2707,1773296865.7185707
hospital_003,191.29,1,Grid,active,19.076,72.8777,1773296865.7185707
factory_001,377.33,2,Grid,active,12.8406,77.6602,1773296865.7185707
factory_002,252.46,2,Solar,active,22.6708,88.0977,1773296865.7185707
factory_003,362.94,2,Grid,active,28.4595,77.0266,1773296865.7185707
residential_001,123.83,3,Solar,active,12.9698,77.75,1773296865.7185707
residential_002,103.4,3,Grid,active,12.9698,77.75,1773296865.7185707
residential_003,77.55,3,Solar,active,12.9698,77.75,1773296865.7185707
hospital_001,168.37,1,Grid,active,28.6139,77.209,1773296925.7185707
hospital_002,205.46,1,Grid,active,13.0827,80.2707,1773296925.7185707
hospital_003,196.8,1,Grid,active,19.076,72.8777,1773296925.7185707
factory_001,392.45,2,Grid,active,12.8406,77.6602,1773296925.7185707
factory_002,294.08,2,Grid,active,22.6708,88.0977,1773296925.7185707
factory_003,401.64,2,Solar,active,28.4595,77.0266,1773296925.7185707
residential_001,87.73,3,Grid,active,12.9698,77.75,1773296925.7185707
residential_002,95.4,3,Solar,active,12.9698,77.75,1773296925.7185707
residential_003,60.91,3,Solar,active,12.9698,77.75,1773296925.7185707
hospital_001,175.07,1,Grid,degraded,28.6139,77.209,1773296985.7185707
hospital_002,157.28,1,Grid,active,13.0827,80.2707,1773296985.7185707
hospital_003,259.03,1,Grid,active,19.076,72.8777,1773296985.7185707
factory_001,510.24,2,Grid,active,12.8406,77.6602,1773296985.7185707
factory_002,428.92,2,Solar,degraded,22.6708,88.0977,1773296985.7185707
factory_003,326.03,2,Solar,active,28.4595,77.0266,1773296985.7185707
residential_001,145.7,3,Solar,active,12.9698,77.75,1773296985.7185707
residential_002,117.09,3,Solar,active,12.9698,77.75,1773296985.7185707
residential_003,108.57,3,Solar,active,12.9698,77.75,1773296985.7185707
hospital_001,181.5,1,Grid,active,28.6139,77.209,1773297045.7185707
hospital_002,212.3,1,Grid,active,13.0827,80.2707,1773297045.7185707
hospital_003,194.43,1,Grid,active,19.076,72.8777,1773297045.7185707
factory_001,384.72,2,Solar,active,12.8406,77.6602,1773297045.7185707
factory_002,406.81,2,Solar,active,22.6708,88.0977,1773297045.7185707
factory_003,590.93,2,Solar,active,28.4595,77.0266,1773297045.7185707
residential_001,113.34,3,Solar,active,12.9698,77.75,1773297045.7185707
residential_002,69.92,3,Solar,active,12.9698,77.75,1773297045.7185707
residential_003,48.56,3,Solar,degraded,12.9698,77.75,1773297045.7185707
hospital_001,167.48,1,Grid,active,28.6139,77.209,1773297105.7185707
hospital_002,173.98,1,Grid,active,13.0827,80.2707,1773297105.7185707
hospital_003,262.64,1,Grid,active,19.076,72.8777,1773297105.7185707
factory_001,247.2,2,Solar,active,12.8406,77.6602,1773297105.7185707
factory_002,574.41,2,Solar,active,22.6708,88.0977,1773297105.7185707
factory_003,524.5,2,Solar,degraded,28.4595,77.0266,1773297105.7185707
residential_001,118.73,3,Solar,active,12.9698,77.75,1773297105.7185707
residential_002,79.24,3,Solar,active,12.9698,77.75,1773297105.7185707
residential_003,62.1,3,Solar,degraded,12.9698,77.75,1773297105.7185707
hospital_001,124.47,1,Grid,active,28.6139,77.209,1773297165.7185707
hospital_002,164.4,1,Grid,active,13.0827,80.2707,1773297165.7185707
hospital_003,265.52,1,Grid,active,19.076,72.8777,1773297165.7185707
factory_001,515.05,2,Grid,active,12.8406,77.6602,1773297165.7185707
factory_002,377.42,2,Solar,active,22.6708,88.0977,1773297165.7185707
factory_003,442.14,2,Solar,active,28.4595,77.0266,1773297165.7185707
residential_001,130.16,3,Grid,active,12.9698,77.75,1773297165.7185707
residential_002,113.59,3,Grid,active,12.9698,77.75,1773297165.7185707
residential_003,93.89,3,Solar,active,12.9698,77.75,1773297165.7185707
hospital_001,165.92,1,Grid,active,28.6139,77.209,1773297225.7185707
hospital_002,201.07,1,Grid,active,13.0827,80.2707,1773297225.7185707
hospital_003,192.21,1,Grid,active,19.076,72.8777,1773297225.7185707
factory_001,449.99,2,Grid,active,12.8406,77.6602,1773297225.7185707
factory_002,574.87,2,Solar,active,22.6708,88.0977,1773297225.7185707
factory_003,422.46,2,Grid,active,28.4595,77.0266,1773297225.7185707
residential_001,95.46,3,Solar,active,12.9698,77.75,1773297225.7185707
residential_002,77.63,3,Solar,active,12.9698,77.75,1773297225.7185707
residential_003,56.94,3,Solar,active,12.9698,77.75,1773297225.7185707
hospital_001,156.68,1,Grid,active,28.6139,77.209,1773297285.7185707
hospital_002,191.6,1,Grid,active,13.0827,80.2707,1773297285.7185707
hospital_003,140.71,1,Grid,active,19.076,72.8777,1773297285.7185707
factory_001,312.63,2,Solar,active,12.8406,77.6602,1773297285.7185707
factory_002,334.74,2,Solar,active,22.6708,88.0977,1773297285.7185707
factory_003,494.82,2,Grid,active,28.4595,77.0266,1773297285.7185707
residential_001,139.88,3,Solar,active,12.9698,77.75,1773297285.7185707
residential_002,94.37,3,Solar,active,12.9698,77.75,1773297285.7185707
residential_003,65.13,3,Grid,active,12.9698,77.75,1773297285.7185707
hospital_001,178.69,1,Grid,active,28.6139,77.209,1773297345.7185707
hospital_002,170.71,1,Grid,active,13.0827,80.2707,1773297345.7185707
hospital_003,236.61,1,Grid,active,19.076,72.8777,1773297345.7185707
factory_001,522.45,2,Solar,active,12.8406,77.6602,1773297345.7185707
factory_002,423.51,2,Solar,active,22.6708,88.0977,1773297345.7185707
factory_003,485.21,2,Grid,degraded,28.4595,77.0266,1773297345.7185707
residential_001,161.72,3,Solar,active,12.9698,77.75,1773297345.7185707
residential_002,86.79,3,Solar,active,12.9698,77.75,1773297345.7185707
residential_003,74.98,3,Grid,active,12.9698,77.75,1773297345.7185707
hospital_001,173.94,1,Grid,active,28.6139,77.209,1773297405.7185707
hospital_002,141.73,1,Grid,active,13.0827,80.2707,1773297405.7185707
hospital_003,272.51,1,Grid,active,19.076,72.8777,1773297405.7185707
factory_001,211.27,2,Solar,active,12.8406,77.6602,1773297405.7185707
factory_002,465.03,2,Grid,active,22.6708,88.0977,1773297405.7185707
factory_003,522.59,2,Grid,active,28.4595,77.0266,1773297405.7185707
residential_001,158.33,3,Solar,active,12.9698,77.75,1773297405.7185707
residential_002,82.83,3,Solar,active,12.9698,77.75,1773297405.7185707
residential_003,117.35,3,Solar,active,12.9698,77.75,1773297405.7185707
hospital_001,200.74,1,Grid,active,28.6139,77.209,1773297465.7185707
hospital_002,143.73,1,Grid,active,13.0827,80.2707,1773297465.7185707
hospital_003,219.38,1,Grid,active,19.076,72.8777,1773297465.7185707
factory_001,378.2,2,Solar,active,12.8406,77.6602,1773297465.7185707
factory_002,426.69,2,Solar,active,22.6708,88.0977,1773297465.7185707
factory_003,434.5,2,Grid,active,28.4595,77.0266,1773297465.7185707
residential_001,153.3,3,Grid,active,12.9698,77.75,1773297465.7185707
residential_002,122.84,3,Grid,active,12.9698,77.75,1773297465.7185707
residential_003,51.72,3,Solar,degraded,12.9698,77.75,1773297465.7185707
hospital_001,142.49,1,Grid,active,28.6139,77.209,1773297525.7185707
hospital_002,136.81,1,Grid,active,13.0827,80.2707,1773297525.7185707
hospital_003,173.1,1,Grid,active,19.076,72.8777,1773297525.7185707
factory_001,352.19,2,Solar,active,12.8406,77.6602,1773297525.7185707
factory_002,329.2,2,Grid,active,22.6708,88.0977,1773297525.7185707
factory_003,517.44,2,Solar,degraded,28.4595,77.0266,1773297525.7185707
residential_001,83.95,3,Solar,active,12.9698,77.75,1773297525.7185707
residential_002,70.76,3,Solar,active,12.9698,77.75,1773297525.7185707
residential_003,125.27,3,Solar,active,12.9698,77.75,1773297525.7185707
hospital_001,141.08,1,Grid,active,28.6139,77.209,1773297585.7185707
hospital_002,201.21,1,Grid,active,13.0827,80.2707,1773297585.7185707
hospital_003,179.9,1,Grid,active,19.076,72.8777,1773297585.7185707
factory_001,282.14,2,Solar,active,12.8406,77.6602,1773297585.7185707
factory_002,234.66,2,Grid,active,22.6708,88.0977,1773297585.7185707
factory_003,539.41,2,Solar,active,28.4595,77.0266,1773297585.7185707
residential_001,61.09,3,Grid,degraded,12.9698,77.75,1773297585.7185707
residential_002,42.91,3,Solar,degraded,12.9698,77.75,1773297585.7185707
residential_003,66.21,3,Solar,active,12.9698,77.75,1773297585.7185707
hospital_001,107.01,1,Grid,active,28.6139,77.209,1773297645.7185707
hospital_002,155.83,1,Grid,active,13.0827,80.2707,1773297645.7185707
hospital_003,212.19,1,Grid,active,19.076,72.8777,1773297645.7185707
factory_001,333.8,2,Solar,active,12.8406,77.6602,1773297645.7185707
factory_002,515.17,2,Solar,active,22.6708,88.0977,1773297645.7185707
factory_003,406.38,2,Grid,active,28.4595,77.0266,1773297645.7185707
residential_001,80.8,3,Solar,degraded,12.9698,77.75,1773297645.7185707
residential_002,75.88,3,Grid,active,12.9698,77.75,1773297645.7185707
residential_003,57.76,3,Grid,active,12.9698,77.75,1773297645.7185707
hospital_001,146.54,1,Grid,active,28.6139,77.209,1773297705.7185707
hospital_002,116.38,1,Grid,active,13.0827,80.2707,1773297705.7185707
hospital_003,279.2,1,Grid,active,19.076,72.8777,1773297705.7185707
factory_001,274.78,2,Grid,active,12.8406,77.6602,1773297705.7185707
factory_002,337.95,2,Grid,active,22.6708,88.0977,1773297705.7185707
factory_003,532.16,2,Solar,active,28.4595,77.0266,1773297705.7185707
residential_001,91.74,3,Grid,active,12.9698,77.75,1773297705.7185707
residential_002,77.79,3,Grid,active,12.9698,77.75,1773297705.7185707
residential_003,56.16,3,Grid,active,12.9698,77.75,1773297705.7185707
hospital_001,119.13,1,Grid,active,28.6139,77.209,1773297765.7185707
hospital_002,173.63,1,Grid,active,13.0827,80.2707,1773297765.7185707
hospital_003,255.94,1,Grid,active,19.076,72.8777,1773297765.7185707
factory_001,545.58,2,Solar,active,12.8406,77.6602,1773297765.7185707
factory_002,388.99,2,Grid,active,22.6708,88.0977,1773297765.7185707
factory_003,442.91,2,Grid,active,28.4595,77.0266,1773297765.7185707
residential_001,151.9,3,Solar,active,12.9698,77.75,1773297765.7185707
residential_002,88.89,3,Grid,active,12.9698,77.75,1773297765.7185707
residential_003,110.3,3,Solar,active,12.9698,77.75,1773297765.7185707
hospital_001,192.42,1,Grid,active,28.6139,77.209,1773297825.7185707
hospital_002,190.31,1,Grid,active,13.0827,80.2707,1773297825.7185707
hospital_003,212.59,1,Grid,active,19.076,72.8777,1773297825.7185707
factory_001,337.97,2,Solar,active,12.8406,77.6602,1773297825.7185707
factory_002,454.6,2,Solar,active,22.6708,88.0977,1773297825.7185707
factory_003,395.25,2,Grid,active,28.4595,77.0266,1773297825.7185707
residential_001,59.99,3,Solar,degraded,12.9698,77.75,1773297825.7185707
residential_002,72.91,3,Grid,active,12.9698,77.75,1773297825.7185707
residential_003,118.23,3,Solar,active,12.9698,77.75,1773297825.7185707
hospital_001,146.79,1,Grid,active,28.6139,77.209,1773297885.7185707
hospital_002,212.04,1,Grid,active,13.0827,80.2707,1773297885.7185707
hospital_003,240.49,1,Grid,active,19.076,72.8777,1773297885.7185707
factory_001,377.98,2,Grid,active,12.8406,77.6602,1773297885.7185707
factory_002,355.5,2,Solar,active,22.6708,88.0977,1773297885.7185707
factory_003,503.67,2,Grid,active,28.4595,77.0266,1773297885.7185707
residential_001,105.28,3,Solar,active,12.9698,77.75,1773297885.7185707
residential_002,95.73,3,Grid,active,12.9698,77.75,1773297885.7185707
residential_003,74.78,3,Solar,active,12.9698,77.75,1773297885.7185707
hospital_001,165.63,1,Grid,active,28.6139,77.209,1773297945.7185707
hospital_002,175.81,1,Grid,active,13.0827,80.2707,1773297945.7185707
hospital_003,274.36,1,Grid,degraded,19.076,72.8777,1773297945.7185707
factory_001,392.79,2,Grid,active,12.8406,77.6602,1773297945.7185707
factory_002,501.42,2,Grid,active,22.6708,88.0977,1773297945.7185707
factory_003,456.09,2,Grid,active,28.4595,77.0266,1773297945.7185707
residential_001,120.48,3,Solar,active,12.9698,77.75,1773297945.7185707
residential_002,63.25,3,Grid,active,12.9698,77.75,1773297945.7185707
residential_003,97.29,3,Solar,active,12.9698,77.75,1773297945.7185707
hospital_001,160.74,1,Grid,active,28.6139,77.209,1773298005.7185707
hospital_002,180.87,1,Grid,active,13.0827,80.2707,1773298005.7185707
hospital_003,227.98,1,Grid,active,19.076,72.8777,1773298005.7185707
factory_001,446.58,2,Solar,active,12.8406,77.6602,1773298005.7185707
factory_002,453.07,2,Solar,active,22.6708,88.0977,1773298005.7185707
factory_003,581.74,2,Grid,active,28.4595,77.0266,1773298005.7185707
residential_001,153.16,3,Solar,active,12.9698,77.75,1773298005.7185707
residential_002,62.17,3,Solar,active,12.9698,77.75,1773298005.7185707
residential_003,116.59,3,Grid,active,12.9698,77.75,1773298005.7185707
hospital_001,100.18,1,Grid,active,28.6139,77.209,1773298065.7185707
hospital_002,161.29,1,Grid,active,13.0827,80.2707,1773298065.7185707
hospital_003,227.21,1,Grid,active,19.076,72.8777,1773298065.7185707
factory_001,409.72,2,Solar,active,12.8406,77.6602,1773298065.7185707
factory_002,477.41,2,Solar,degraded,22.6708,88.0977,1773298065.7185707
factory_003,532.7,2,Solar,active,28.4595,77.0266,1773298065.7185707
residential_001,81.43,3,Grid,active,12.9698,77.75,1773298065.7185707
residential_002,54.95,3,Grid,active,12.9698,77.75,1773298065.7185707
residential_003,100.79,3,Solar,active,12.9698,77.75,1773298065.7185707
hospital_001,124.7,1,Grid,active,28.6139,77.209,1773298125.7185707
hospital_002,136.64,1,Grid,active,13.0827,80.2707,1773298125.7185707
hospital_003,173.25,1,Grid,degraded,19.076,72.8777,1773298125.7185707
factory_001,255.12,2,Solar,active,12.8406,77.6602,1773298125.7185707
factory_002,260.04,2,Solar,active,22.6708,88.0977,1773298125.7185707
factory_003,608.73,2,Grid,active,28.4595,77.0266,1773298125.7185707
residential_001,63.9,3,Grid,degraded,12.9698,77.75,1773298125.7185707
residential_002,112.19,3,Grid,active,12.9698,77.75,1773298125.7185707
residential_003,92.46,3,Solar,active,12.9698,77.75,1773298125.7185707
hospital_001,172.87,1,Grid,active,28.6139,77.209,1773298185.7185707
hospital_002,203.74,1,Grid,active,13.0827,80.2707,1773298185.7185707
hospital_003,221.22,1,Grid,active,19.076,72.8777,1773298185.7185707
factory_001,316.66,2,Grid,active,12.8406,77.6602,1773298185.7185707
factory_002,236.71,2,Solar,active,22.6708,88.0977,1773298185.7185707
factory_003,335.23,2,Solar,active,28.4595,77.0266,1773298185.7185707
residential_001,140.78,3,Solar,active,12.9698,77.75,1773298185.7185707
residential_002,60.85,3,Solar,active,12.9698,77.75,1773298185.7185707
residential_003,51.96,3,Grid,degraded,12.9698,77.75,1773298185.7185707
hospital_001,157.29,1,Grid,active,28.6139,77.209,1773298245.7185707
hospital_002,169.88,1,Grid,active,13.0827,80.2707,1773298245.7185707
hospital_003,267.19,1,Grid,active,19.076,72.8777,1773298245.7185707
factory_001,547.14,2,Grid,active,12.8406,77.6602,1773298245.7185707
factory_002,220.41,2,Solar,active,22.6708,88.0977,1773298245.7185707
factory_003,293.66,2,Grid,active,28.4595,77.0266,1773298245.7185707
residential_001,108.48,3,Solar,active,12.9698,77.75,1773298245.7185707
residential_002,65.64,3,Solar,active,12.9698,77.75,1773298245.7185707
residential_003,55.94,3,Solar,active,12.9698,77.75,1773298245.7185707
hospital_001,143.06,1,Grid,active,28.6139,77.209,1773298305.7185707
hospital_002,178.15,1,Grid,active,13.0827,80.2707,1773298305.7185707
hospital_003,257.58,1,Grid,active,19.076,72.8777,1773298305.7185707
factory_001,263.89,2,Grid,active,12.8406,77.6602,1773298305.7185707
factory_002,359.17,2,Solar,active,22.6708,88.0977,1773298305.7185707
factory_003,686.55,2,Grid,active,28.4595,77.0266,1773298305.7185707
residential_001,136.98,3,Solar,active,12.9698,77.75,1773298305.7185707
residential_002,69.49,3,Solar,active,12.9698,77.75,1773298305.7185707
residential_003,111.24,3,Solar,active,12.9698,77.75,1773298305.7185707
hospital_001,191.43,1,Grid,active,28.6139,77.209,1773298365.7185707
hospital_002,167.73,1,Grid,active,13.0827,80.2707,1773298365.7185707
hospital_003,218.22,1,Grid,active,19.076,72.8777,1773298365.7185707
factory_001,528.75,2,Grid,active,12.8406,77.6602,1773298365.7185707
factory_002,284.08,2,Solar,active,22.6708,88.0977,1773298365.7185707
factory_003,522.53,2,Solar,active,28.4595,77.0266,1773298365.7185707
residential_001,70.0,3,Solar,active,12.9698,77.75,1773298365.7185707
residential_002,94.35,3,Solar,active,12.9698,77.75,1773298365.7185707
residential_003,147.3,3,Solar,active,12.9698,77.75,1773298365.7185707
hospital_001,174.26,1,Grid,active,28.6139,77.209,1773298425.7185707
hospital_002,146.36,1,Grid,active,13.0827,80.2707,1773298425.7185707
hospital_003,204.73,1,Grid,active,19.076,72.8777,1773298425.7185707
factory_001,282.3,2,Solar,active,12.8406,77.6602,1773298425.7185707
factory_002,506.31,2,Grid,active,22.6708,88.0977,1773298425.7185707
factory_003,626.01,2,Grid,active,28.4595,77.0266,1773298425.7185707
residential_001,126.6,3,Solar,active,12.9698,77.75,1773298425.7185707
residential_002,52.87,3,Solar,active,12.9698,77.75,1773298425.7185707
residential_003,63.6,3,Grid,active,12.9698,77.75,1773298425.7185707
hospital_001,180.74,1,Grid,active,28.6139,77.209,1773298485.7185707
hospital_002,126.24,1,Grid,active,13.0827,80.2707,1773298485.7185707
hospital_003,163.15,1,Grid,active,19.076,72.8777,1773298485.7185707
factory_001,542.04,2,Solar,active,12.8406,77.6602,1773298485.7185707
factory_002,496.42,2,Grid,active,22.6708,88.0977,1773298485.7185707
factory_003,505.74,2,Solar,active,28.4595,77.0266,1773298485.7185707
residential_001,122.19,3,Grid,active,12.9698,77.75,1773298485.7185707
residential_002,106.2,3,Solar,active,12.9698,77.75,1773298485.7185707
residential_003,59.09,3,Grid,active,12.9698,77.75,1773298485.7185707
hospital_001,159.86,1,Grid,active,28.6139,77.209,1773298545.7185707
hospital_002,157.1,1,Grid,active,13.0827,80.2707,1773298545.7185707
hospital_003,270.34,1,Grid,active,19.076,72.8777,1773298545.7185707
factory_001,325.51,2,Grid,active,12.8406,77.6602,1773298545.7185707
factory_002,507.6,2,Grid,degraded,22.6708,88.0977,1773298545.7185707
factory_003,406.42,2,Solar,active,28.4595,77.0266,1773298545.7185707
residential_001,113.36,3,Grid,active,12.9698,77.75,1773298545.7185707
residential_002,62.52,3,Grid,active,12.9698,77.75,1773298545.7185707
residential_003,103.33,3,Solar,active,12.9698,77.75,1773298545.7185707
hospital_001,107.76,1,Grid,active,28.6139,77.209,1773298605.7185707
hospital_002,156.26,1,Grid,active,13.0827,80.2707,1773298605.7185707
hospital_003,159.4,1,Grid,active,19.076,72.8777,1773298605.7185707
factory_001,525.74,2,Grid,active,12.8406,77.6602,1773298605.7185707
factory_002,571.84,2,Grid,active,22.6708,88.0977,1773298605.7185707
factory_003,336.21,2,Solar,active,28.4595,77.0266,1773298605.7185707
residential_001,142.29,3,Solar,active,12.9698,77.75,1773298605.7185707
residential_002,84.79,3,Solar,active,12.9698,77.75,1773298605.7185707
residential_003,76.34,3,Solar,active,12.9698,77.75,1773298605.7185707
hospital_001,182.97,1,Grid,active,28.6139,77.209,1773298665.7185707
hospital_002,189.52,1,Grid,active,13.0827,80.2707,1773298665.7185707
hospital_003,245.54,1,Grid,active,19.076,72.8777,1773298665.7185707
factory_001,283.15,2,Grid,active,12.8406,77.6602,1773298665.7185707
factory_002,437.7,2,Solar,active,22.6708,88.0977,1773298665.7185707
factory_003,549.34,2,Grid,active,28.4595,77.0266,1773298665.7185707
residential_001,139.61,3,Grid,active,12.9698,77.75,1773298665.7185707
residential_002,110.8,3,Solar,active,12.9698,77.75,1773298665.7185707
residential_003,114.5,3,Solar,active,12.9698,77.75,1773298665.7185707
hospital_001,153.01,1,Grid,active,28.6139,77.209,1773298725.7185707
hospital_002,172.8,1,Grid,degraded,13.0827,80.2707,1773298725.7185707
hospital_003,217.97,1,Grid,active,19.076,72.8777,1773298725.7185707
factory_001,368.65,2,Solar,active,12.8406,77.6602,1773298725.7185707
factory_002,363.52,2,Grid,active,22.6708,88.0977,1773298725.7185707
factory_003,357.16,2,Solar,active,28.4595,77.0266,1773298725.7185707
residential_001,109.45,3,Grid,active,12.9698,77.75,1773298725.7185707
residential_002,99.13,3,Solar,active,12.9698,77.75,1773298725.7185707
residential_003,63.18,3,Grid,active,12.9698,77.75,1773298725.7185707
hospital_001,121.14,1,Grid,active,28.6139,77.209,1773298785.7185707
hospital_002,208.81,1,Grid,active,13.0827,80.2707,1773298785.7185707
hospital_003,162.6,1,Grid,active,19.076,72.8777,1773298785.7185707
factory_001,546.28,2,Grid,active,12.8406,77.6602,1773298785.7185707
factory_002,285.98,2,Grid,active,22.6708,88.0977,1773298785.7185707
factory_003,521.21,2,Grid,active,28.4595,77.0266,1773298785.7185707
residential_001,128.21,3,Solar,active,12.9698,77.75,1773298785.7185707
residential_002,93.34,3,Solar,active,12.9698,77.75,1773298785.7185707
residential_003,114.68,3,Grid,active,12.9698,77.75,1773298785.7185707
hospital_001,165.21,1,Grid,active,28.6139,77.209,1773298845.7185707
hospital_002,221.73,1,Grid,active,13.0827,80.2707,1773298845.7185707
hospital_003,192.48,1,Grid,active,19.076,72.8777,1773298845.7185707
factory_001,216.02,2,Grid,active,12.8406,77.6602,1773298845.7185707
factory_002,416.06,2,Solar,active,22.6708,88.0977,1773298845.7185707
factory_003,591.81,2,Solar,active,28.4595,77.0266,1773298845.7185707
residential_001,67.16,3,Solar,active,12.9698,77.75,1773298845.7185707
residential_002,64.39,3,Solar,active,12.9698,77.75,1773298845.7185707
residential_003,93.95,3,Solar,active,12.9698,77.75,1773298845.7185707
hospital_001,133.89,1,Grid,active,28.6139,77.209,1773298905.7185707
hospital_002,143.45,1,Grid,active,13.0827,80.2707,1773298905.7185707
hospital_003,275.11,1,Grid,active,19.076,72.8777,1773298905.7185707
factory_001,330.08,2,Solar,active,12.8406,77.6602,1773298905.7185707
factory_002,387.61,2,Solar,active,22.6708,88.0977,1773298905.7185707
factory_003,354.36,2,Grid,active,28.4595,77.0266,1773298905.7185707
residential_001,112.78,3,Solar,active,12.9698,77.75,1773298905.7185707
residential_002,77.63,3,Grid,active,12.9698,77.75,1773298905.7185707
residential_003,71.3,3,Solar,active,12.9698,77.75,1773298905.7185707
hospital_001,119.16,1,Grid,active,28.6139,77.209,1773298965.7185707
hospital_002,214.54,1,Grid,active,13.0827,80.2707,1773298965.7185707
hospital_003,174.77,1,Grid,active,19.076,72.8777,1773298965.7185707
factory_001,257.63,2,Grid,active,12.8406,77.6602,1773298965.7185707
factory_002,326.61,2,Grid,active,22.6708,88.0977,1773298965.7185707
factory_003,311.95,2,Solar,active,28.4595,77.0266,1773298965.7185707
residential_001,135.25,3,Solar,active,12.9698,77.75,1773298965.7185707
residential_002,108.6,3,Solar,degraded,12.9698,77.75,1773298965.7185707
residential_003,130.12,3,Solar,active,12.9698,77.75,1773298965.7185707
hospital_001,130.53,1,Grid,degraded,28.6139,77.209,1773299025.7185707
hospital_002,160.61,1,Grid,active,13.0827,80.2707,1773299025.7185707
hospital_003,253.78,1,Grid,active,19.076,72.8777,1773299025.7185707
factory_001,477.57,2,Solar,active,12.8406,77.6602,1773299025.7185707
factory_002,429.59,2,Solar,active,22.6708,88.0977,1773299025.7185707
factory_003,611.65,2,Grid,active,28.4595,77.0266,1773299025.7185707
residential_001,150.38,3,Grid,active,12.9698,77.75,1773299025.7185707
residential_002,93.54,3,Solar,active,12.9698,77.75,1773299025.7185707
residential_003,79.07,3,Grid,active,12.9698,77.75,1773299025.7185707
hospital_001,153.11,1,Grid,active,28.6139,77.209,1773299085.7185707
hospital_002,141.93,1,Grid,active,13.0827,80.2707,1773299085.7185707
hospital_003,148.12,1,Grid,active,19.076,72.8777,1773299085.7185707
factory_001,437.84,2,Grid,active,12.8406,77.6602,1773299085.7185707
factory_002,355.66,2,Solar,active,22.6708,88.0977,1773299085.7185707
factory_003,472.75,2,Solar,active,28.4595,77.0266,1773299085.7185707
residential_001,118.12,3,Solar,active,12.9698,77.75,1773299085.7185707
residential_002,74.7,3,Solar,active,12.9698,77.75,1773299085.7185707
residential_003,97.01,3,Grid,active,12.9698,77.75,1773299085.7185707
hospital_001,170.24,1,Grid,active,28.6139,77.209,1773299145.7185707
hospital_002,175.79,1,Grid,active,13.0827,80.2707,1773299145.7185707
hospital_003,173.34,1,Grid,active,19.076,72.8777,1773299145.7185707
factory_001,457.53,2,Solar,active,12.8406,77.6602,1773299145.7185707
factory_002,580.56,2,Solar,active,22.6708,88.0977,1773299145.7185707
factory_003,507.37,2,Solar,active,28.4595,77.0266,1773299145.7185707
residential_001,130.55,3,Solar,active,12.9698,77.75,1773299145.7185707
residential_002,44.69,3,Grid,degraded,12.9698,77.75,1773299145.7185707
residential_003,52.4,3,Grid,degraded,12.9698,77.75,1773299145.7185707
